1;ere@ma;ere@ma;elep@mark.com;London;76.89;0x85Ed01f39202fd451c59c1743286a92e0c27821e;agree
2;qwe;qwe;md@hs.com;Rim;32.54;0x85Ed01f39202fd451c59c1743286a92e0c27821e;agree
3;qwe;asd;el_dar34@mail.ru;Milan;333.33;0x85Ed01f39202fd451c59c1743286a92e0c27821e;agree
4;qwe;asd;el_dar34@mail.ru;Madrid;333.33;0x85Ed01f39202fd451c59c1743286a92e0c27821e;agree
5;qwe;asd;el_dar34@mail.ru;Dubai;333.33;0x85Ed01f39202fd451c59c1743286a92e0c27821e;agree
6;qwe;asd;el_dar34@mail.ru;Paris;444.44;0x85Ed01f39202fd451c59c1743286a92e0c27821e;agree
7;qwe;asd;el_dar34@mail.ru;Barcelona;444.45;0x85Ed01f39202fd451c59c1743286a92e0c27821e;agree
8;qwe;asd;el_dar34@mail.ru;Moscow;454.45;0x85Ed01f39202fd451c59c1743286a92e0c27821e;agree
9;qwe;asd;el_dar34@mail.ru;Rim;333.53;0x85Ed01f39202fd451c59c1743286a92e0c27821e;agree
10;qwe;asd;el_dar34@mail.ru;Madrid;333.53;0x85Ed01f39202fd451c59c1743286a92e0c27821e;agree
11;qwe;asd;el_dar34@mail.ru;London;333.53;0x85Ed01f39202fd451c59c1743286a92e0c27821e;agree
12;qwe;asd;el_dar34@mail.ru;Egipet;333.53;0x85Ed01f39202fd451c59c1743286a92e0c27821e;agree
13;ghgd;asd;kjl@msdf.com;Egipet;333.53;0x85Ed01f39202fd451c59c1743286a92e0c27821e;agree
14;ioutr;asd;el_dar34@mail.ru;Rim;333.53;0x85Ed01f39202fd451c59c1743286a92e0c27821e;agree
15;ghjghj;asd;el_dar34@mail.ru;Rim;333.53;0x85Ed01f39202fd451c59c1743286a92e0c27821e;agree
19;qwe;asd;el_dar34@mail.ru;ny;333.33;0x85Ed01f39202fd451c59c1743286a92e0c27821e;agree
20;jOHN;JDK;el_dar34@mail.ru;Sds;130;0x85Ed01f39202fd451c59c1743286a92e0c27821e;agree
21;qwe;asd;el_dar34@mail.ru;nqwe;444.44;0x85Ed01f39202fd451c59c1743286a92e0c27821e;agree
22;qwe;asd;el_dar34@mail.ru;nqwe;444.44;0x85Ed01f39202fd451c59c1743286a92e0c27821e;on
